Das Geld der Welt: Die Alte Welt - Eurasien;Regal 1;Ebene 7;Island, Lettland, Russland, Hongkong, Malaysia, Singapur, Vereinigte Arabische Emirate, China;3. Elemente der Welt - Geld, Geschichte und Reisen;8 Sätze;1986-2014
Das Geld der Welt: Die Alte Welt - Afrika;Regal 1;;In Arbeit - Vorhanden: Ägypten, Namibia, Seychellen, Südafrika;3. Elemente der Welt - Geld, Geschichte und Reisen;4 Sätze;2002-2017
Das Geld der Welt: Die Neue Welt - Amerika;Regal 1;Ebene 7;Bahamas, Costa Rica, Jamaika, Kanada, Mexiko, Ostkaribische Staaten, Trinidad und Tobago, Vereinigte Staaten von Amerika, Brasilien, Argentinien, Venezuela;3. Elemente der Welt - Geld, Geschichte und Reisen;11 Sätze;1979-2018
Das Geld der Welt: Die Neue Welt - Ozeanien;Regal 1;;In Arbeit - Vorhanden: Australien, Neuseeland, Papua-Neuguinea;3. Elemente der Welt - Geld, Geschichte und Reisen;3 Sätze;2004-2014
Das Geld der Welt: Die 2-Euro-Gedenkmünzen;Regal 1;Ebene 7;In Arbeit;3. Elemente der Welt - Geld, Geschichte und Reisen;????;Ab 2002
Die echte Kölsche Küche-Et Orjenal;Regal 1;Ebene 7;Jens Dreisbach und Verlagsarchiv (Komet);4. Elemente der Wohnung - Wirtschaft, Medien und Kochen;144;2015
Omas schönste Kochrezepte;Regal 1;Ebene 7;Herausgeber Naumann & Göbel;4. Elemente der Wohnung - Wirtschaft, Medien und Kochen;160;2012
Raffinierte Köstlichkeiten der Welt - Gebäck;Regal 1;Ebene 7;Sylvia Winnewisser;4. Elemente der Wohnung - Wirtschaft, Medien und Kochen;256;2000
;;;;;;
;;;;;;
;;;;;;
;;;;;;
;;;;;;
;;;;;;
;;;;;;
;;;;;;
;;;;;;
;;;;;;
;;;;;;
;;;;;;
;;;;;;
;;;;;;
;;;;;;
;;;;;;
;;;;;;
Weihnachtsgeschichten;Regal 1;Ebene 7;Darwyn Cooke, David Michelinie, Jeff Parker, Reilly Brown, Todd McFarlane & Alexander Rösch;Spider-Man und die Avengers;100;2018
DC: Das große Superhelden-Lexikon;Regal 1;Ebene 7;Christian Heiß;DC Comics Lexikon;208;2015-2017
DC: Das große Superhelden-Lexikon - Erweitert und aktualisiert;Regal 1;Ebene 7;Christian Heiß;DC Comics Lexikon;208;2019
Marvel: Spider-Man - Erstaunliche Abenteuer;Regal 1;Ebene 7;Stan Lee, John Romita Junior & Michael Strittmatter;Marvel Anthologie;336;2017
Marvel: Deadpool - Deadpools Greatest;Regal 1;Ebene 7;Fabian Nicieza & Rob Liefeld;Marvel Anthologie;324;2016
Marvel: Thor - Geschichten aus Asgard;Regal 1;Ebene 7;Stan Lee, Jack Kirby, John Buscema, Walter Simonson, J. Michael Straczynski, Oliver Coipel, Alexander Rösch, Reinhard Schweize & Michael Strittmatter;Marvel Anthologie;320;2017
DC: Joker - Die grössten Schurkenstücke des Verbrecherclowns;Regal 1;Ebene 7;Verschiedene;DC Anthologie;372;2015
DC: Batman - 20 Legendäre Geschichten über den Dunklen Ritter;Regal 1;Ebene 7;Frank Miller;DC Anthologie;372;2014
Dinopark;Regal 2;Ebene 7;Michael Crichton (English Ausgabe);Jurassic Park Anthologie;536;1991/1993
Jurassic Park;Regal 2;Ebene 7;Michael Crichton (Jugendbuch);Jurassic Park Anthologie;220;1992/1993
Dinotopia;Regal 2;Ebene 7;James Gurney;Dintopia Anthologie;160;1992/1993
Jurassic Park;Regal 2;Ebene 7;Merlin Collections (Stickeralbum);Jurassic Park Anthologie;48;1993
Jurassic Park;Regal 2;Ebene 7;Michael Crichton (Comic Ausgabe);Jurassic Park Anthologie;116;1992/1994
In einem Land vor unserer Zeit;Regal 2;Ebene 7;Steven Spielberg & George Lucas;In einem Land vor unserer Zeit Anthologie;112;1988/1995
Der Fluß muß wieder fließen!;Regal 2;Ebene 7;John Vornholt;Phantastische Abenteuer in Dinotopia;160;1993/1996
The Lost World: Jurassic Park;Regal 2;Ebene 7;Merlin Collections (Stickeralbum);Jurassic Park Anthologie;40;1996
Vergessene Welt: Jurassic Park II;Regal 2;Ebene 7;Michael Crichton (Orginal Ausgabe);Jurassic Park Anthologie;480;1995/1997
Die Eroberer;Regal 2;Ebene 7;Alan Dean Foster;Dintopia Anthologie;384;1996/1997
Dinoland;Regal 2;Ebene 7;Wolfgang Hohlbein, Frank Rehfeld & Manfred Weinland ;Dinosaurier-Saga;926;1997
Jurassic Park III;Regal 2;Ebene 7;Peter Buchman, Alexander Payne & Jim Taylor;Jurassic Park Anthologie;128;2001
Jurassic Park;Regal 2;Ebene 7;Michael Crichton (Orginal Ausgabe);Jurassic Park Anthologie;128;1991/2002
Dinotopia: Die Eroberung von Dinotopia;Regal 2;Ebene 7;Alan Dean Foster;Dintopia Anthologie;408;1996/2002
Dinotopia: Die Gefährten von Dinotopia;Regal 2;Ebene 7;Alan Dean Foster;Dintopia Anthologie;406;1999/2002
Jurassic Park Ultimate Trilogy;Regal 2;Ebene 7;Michael Crichton, David Koepp, Peter Buchman, Alexander Payne & Jim Taylor;Jurassic Park Anthologie (Bluray);348 Min.;2011
Jurassic World;Regal 2;Ebene 7;Colin Trevorrow, Derek Connolly, Rick Jaffa & Amanda Silver;Jurassic Park Anthologie (Bluray);124 Min.;2015
Jurassic World: Das gefallene Königreich;Regal 2;Ebene 7;Colin Trevorrow & Derek Connolly;Jurassic Park Anthologie (Bluray);129 Min.;2018
Band 1: Generation X - Die Anfänge;Regal 3;Ebene 7;Scott Lobdell & Chris Bachalo;Marvel Exklusiv;112;1994-1995
Band 4: Spider-Man - Quallen;Regal 3;Ebene 7;Todd McFarlane;Marvel Exklusiv;112;1990
Band 6: Spider-Man - Wahre Monster;Regal 3;Ebene 7;Todd McFarlane;Marvel Exklusiv;112;1991
Band 7: Spider-Man - Verlorene Jahre;Regal 3;Ebene 7;J.M. DeMatteis;Marvel Exklusiv;126;1995
Band 8: Spider-Man - Abgründe;Regal 3;Ebene 7;Todd McFarlane;Marvel Exklusiv;96;1998
Band 10: X-Men - Finstre Seele;Regal 3;Ebene 7;Scott Lobdell, J.M. DeMatteis, Fabian Nicieza & Larry Hama;Marvel Exklusiv;224;1993
Band 12: Hulk - Im Fadenkreuz;Regal 3;Ebene 7;Peter David & Todd McFarlane;Marvel Exklusiv;276;1988/1998
Band 13: Spider-Man - Erlösung;Regal 3;Ebene 7;J.M. DeMatteis, Mike Zeck & Bob McLeod;Marvel Exklusiv;112;1996/1999
Band 14: Spider-Man gegen Venom;Regal 3;Ebene 7;David Micheline;Marvel Exklusiv;112;1988-1989
Band 16: Die Fantastischen Vier;Regal 3;Ebene 7;John Byrne;Marvel Exklusiv;176;1981-1982
Band 17: Daredevil: Versuchung;Regal 3;Ebene 7;Ann Nocenti & John Romita Junior;Marvel Exklusiv;192;1988
Band 18: Spider-Man - Die Ersten Jahre;Regal 3;Ebene 7;Kurt Busiek;Marvel Exklusiv;176;1995-1996
Band 21: Die Fantastischen Vier II;Regal 3;Ebene 7;John Byrne;Marvel Exklusiv;160;1982
Band 22: Die Spider-Man Akten;Regal 3;Ebene 7;Peter David, Tom DeFalco, Glenn Greenberg, Roger Stern & Kurt Busiek;Marvel Exklusiv;208;1995-1997
Band 23: Spider-Man - Verschwörung;Regal 3;Ebene 7;David Micheline;Marvel Exklusiv;144;1989
Band 24: Spider-Man - Die Ersten Jahre II;Regal 3;Ebene 7;Kurt Busiek;Marvel Exklusiv;192;1996-1997
Band 26: Daredevil: Höllenfahrt;Regal 3;Ebene 7;D.G. Chichester;Marvel Exklusiv;208;1993-1994
Band 27: Spider-Man - Die Ersten Jahre III;Regal 3;Ebene 7;Kurt Busiek, G.L.Lawrence, Tom DeFalco & Roger Stern;Marvel Exklusiv;176;1997
Band 28: Die Fantastischen Vier III;Regal 3;Ebene 7;John Byrne;Marvel Exklusiv;144;1982-1983
Band 29: Die Wolverine Akten;Regal 3;Ebene 7;Walter Simonson, Alan Davis, John Ney Rieber & Joe Casey;Marvel Exklusiv;208;1990-1998
Band 30: The Punisher - War Zone;Regal 3;Ebene 7;Chuck Dixon;Marvel Exklusiv;272;1992-1993
Band 31: The Punisher - Psychoville;Regal 3;Ebene 7;Pan Abnett & Andy Lanning;Marvel Exklusiv;112;1993
Band 33: X-Men - Kinder des Atom;Regal 3;Ebene 7;Joe Casey;Marvel Exklusiv;160;1999-2000
Band 36: Galactus - Der Welten Verschlinger;Regal 3;Ebene 7;Louise Simonson;Marvel Exklusiv;176;1999-2000
Band 38: X-Men aller Zeiten;Regal 3;Ebene 7;Fabian Nicieza;Marvel Exklusiv;160;2001
Band 39: X-Force;Regal 3;Ebene 7;Peter Milligan;Marvel Exklusiv;160;2001-2002
Band 41: Captain Marvel;Regal 3;Ebene 7;Peter David;Marvel Exklusiv;160;1999-2000
Band 42: Daredevil - Kopfgeld;Regal 3;Ebene 7;Brian Michael Bendis;Marvel Exklusiv;144;2001-2002
Band 44: Hulk - Dystopia;Regal 3;Ebene 7;Peter David;Marvel Exklusiv;144;1992
Band 45: Carnage;Regal 3;Ebene 7;David Michelinie & Warren Ellis;Marvel Exklusiv;144;1992-1996
Band 46: Daredevil - Ende eines Helden;Regal 3;Ebene 7;Brian Michael Bendis;Marvel Exklusiv;144;2002
Band 47: Die Spider-Man Akten II;Regal 3;Ebene 7;James Owsley, Roy Thomas & Gerry Conway;Marvel Exklusiv;128;1987+1992
Band 50: Spider-Man;Regal 3;Ebene 7;Todd McFarlane;Marvel Exklusiv;192;1989-1990
Band 51: Spider-Man;Regal 3;Ebene 7;Todd McFarlane;Marvel Exklusiv;208;1989-1991
Band 52: The Punisher;Regal 3;Ebene 7;Carl Potts;Marvel Exklusiv;176;1988-1989
Band 78: Captain Britain;Regal 3;Ebene 7;Alan Moore;Marvel Exklusiv;204;1982-1984
Cloak und Dagger: Ein Licht in der Finsternis;Regal 4;Ebene 7;Mike Baron, Bill Mantlo, Stuart Moore, Nick Spencer & Brian K. Vaughan;Marvel Sonderband;184;1982-2011
Silver Surfer: Parabel;Regal 4;Ebene 7;Stan Lee;Marvel Hardcover;168;1988/2012
Daredevil: Der Mann ohne Furcht;Regal 4;Ebene 7;Frank Miller;Das erste Jahr von .... Daredevil;156;1993-1994
The Infinity Gauntlet - Die ewige Fehde;Regal 4;Ebene 7;Jim Starlin;Marvel Sonderband;256;1991
X-Men - Ein neuer Anfang;Regal 4;Ebene 7;Chris Claremont, Jim Lee, John Byrne & Scott Lobdell;Marvel Sonderband;184;1991
Venom - Tödlicher Beschützer;Regal 4;Ebene 7;David Michelinie Carl Potts;Marvel Sonderband;220;1993
Spider-Man: Maximum Carnage Band 1;Regal 4;Ebene 7;Tom DeFalco, J.M. DeMatteis, Terry Kavanagh & David Micheline;Marvel Sonderband;176;1993
The Infinity Gauntlet - Das ewige Paradies;Regal 4;Ebene 7;Jim Starlin;Marvel Sonderband;256;1993
Spider-Man: Maximum Carnage Band 2;Regal 4;Ebene 7;Tom DeFalco, J.M. DeMatteis, Terry Kavanagh & David Micheline;Marvel Sonderband;176;1993
Deadpool - Band 1: Mörder, Miezen und Moneten;Regal 4;Ebene 7;Fabian Nicieza & Mark Waid;Deadpool Killer-Kollektion;196;1993-1994
Spider-Man - Die Klon-Saga: Band 1;Regal 4;Ebene 7;Tom DeFalco, J. M. DeMatteis, Terry Kavanagh & Howard Mackie;Spider-Man: Die Klon-Saga;236;1994
Spider-Man - Die Klon-Saga: Band 2;Regal 4;Ebene 7;Tom DeFalco, J. M. DeMatteis, Terry Kavanagh & Howard Mackie;Spider-Man: Die Klon-Saga;292;1995
X-Men - Zeit der Apokalypse: Band 1;Regal 4;Ebene 7;Scott Lobdell, Mark Waid, Fabian Nicieza, Howard Mackie & Warren Ellis;X-Men: Apokalypse;380;1995
X-Men - Zeit der Apokalypse: Band 2;Regal 4;Ebene 7;Fabian Nicieza, Howard Mackie, John Francis Moore, Jeph Loeb & Larry Hama;X-Men: Apokalypse;340;1995
X-Men - Zeit der Apokalypse: Band 3;Regal 4;Ebene 7;Terry Kavanagh, Scott Lobdell, Jeph Loeb, John Francis Moore, Fabian Nicieza & Mark Waid;X-Men: Apokalypse;316;1995
Spider-Man - Die Klon-Saga: Band 3;Regal 4;Ebene 7;Tom DeFalco, J. M. DeMatteis, Terry Kavanagh, Howard Mackie & Todd DeZago;Spider-Man: Die Klon-Saga;244;1995
Spider-Man - Die Klon-Saga: Band 4;Regal 4;Ebene 7;Tom DeFalco, J. M. DeMatteis, Terry Kavanagh, Howard Mackie, Jean Marc de Matteis & Todd DeZago;Spider-Man: Die Klon-Saga;316;1995
Spider-Man - Die Klon-Saga: Band 5;Regal 4;Ebene 7;Tom DeFalco, J. M. DeMatteis, Terry Kavanagh, Howard Mackie, Jean Marc de Matteis & Todd DeZago;Spider-Man: Die Klon-Saga;284;1995
Spider-Man - Die Klon-Saga: Band 6;Regal 4;Ebene 7;Tom DeFalco, J. M. DeMatteis, Terry Kavanagh, Howard Mackie, Jean Marc de Matteis & Todd DeZago;Spider-Man: Die Klon-Saga;292;1996
Spider-Man - Die Klon-Saga: Band 7;Regal 4;Ebene 7;Tom DeFalco, J. M. DeMatteis, Terry Kavanagh, Howard Mackie, Jean Marc de Matteis & Todd DeZago;Spider-Man: Die Klon-Saga;324;1996
Deadpool - Band 3: Keiner kann's besser;Regal 4;Ebene 7;Joe Kelly;Deadpool Killer-Kollektion;148;1997
Deadpool - Band 4: Totgesagte leben länger;Regal 4;Ebene 7;Joe Kelly;Deadpool Killer-Kollektion;156;1997-1998
Deadpool - Band 5: Der Kuss des Todes;Regal 4;Ebene 7;Joe Kelly & James Felder;Deadpool Killer-Kollektion;156;1998
Deadpool - Band 6: Karma Drama;Regal 4;Ebene 7;Joe Kelly & James Felder;Deadpool Killer-Kollektion;180;1998
Marvel Knights: Black Panther;Regal 4;Ebene 7;Christopher Priest & Joe Quesada;Marvel Sonderband;136;1998-1999
Deadpool - Band 7: Buenos Días, Messias;Regal 4;Ebene 7;Joe Kelly & James Felder;Deadpool Killer-Kollektion;156;1998-1999
Deadpool - Band 8: Bis dass der Tod uns scheidet;Regal 4;Ebene 7;Joe Kelly;Deadpool Killer-Kollektion;144;1999
Deadpool - Band 9: Gott für einen Tag!;Regal 4;Ebene 7;Christopher Priest;Deadpool Killer-Kollektion;148;1999-2000
Deadpool - Band 10: Krawall im All!;Regal 4;Ebene 7;Glenn Herdling & Christopher Priest;Deadpool Killer-Kollektion;160;2000
Deadpool - Band 11: Held für Kopfgeld;Regal 4;Ebene 7;Jimmy Palmiotti & Buddy Scalera;Deadpool Killer-Kollektion;144;2000-2001
Deadpool - Band 12: Solo für zwei Killer;Regal 4;Ebene 7;Jimmy Palmiotti & Buddy Scalera;Deadpool Killer-Kollektion;128;2000-2001
Deadpool - Band 13: Pieta mit Pistolen;Regal 4;Ebene 7;Buddy Scalera & Frank Tieri;Deadpool Killer-Kollektion;192;2001-2002
Deadpool - Band 14: Ruhe in Unfrieden;Regal 4;Ebene 7;Gail Simone;Deadpool Killer-Kollektion;124;2002
Deadpool - Band 15: Wer ist Agent X? Und wo steckt Deadpool?;Regal 4;Ebene 7;Gail Simone;Deadpool Killer-Kollektion;156;2002-2003
Deadpool - Band 16: Mit Karacho ins Chaos;Regal 4;Ebene 7;Evan Dorkin, Vuddy Scalera, Gail Simone & Daniel Way;Deadpool Killer-Kollektion;208;2003
Runaways: Ausreisser;Regal 4;Ebene 7;Brian K. Vaughan;Marvel Megaband;434;2003-2004
Marvel 1602;Regal 4;Ebene 7;Neil Gaiman;Marvel Sonderband;248;2003-2004
Die Marvel Kinofilme: Von Iron Man bis Avengers Infinity War;Regal 4;Ebene 7;Adam Bray;Marvel Studios;128;2018
Lexikon der Superhelden;Regal 4;Ebene 7;Adam Bray;Marvel Studios;176;2018-2019
Band 1: Hinter der Maske;Regal 5;Ebene 7;Paul Jenkins;Peter Parker: Spider-Man;188;2000-2001
Band 2: Fatale Fusionen;Regal 5;Ebene 7;Paul Jenkins;Peter Parker: Spider-Man;260;2001
Band 3: Eiskalte Fusion;Regal 5;Ebene 7;Paul Jenkins;Peter Parker: Spider-Man;172;2001-2002
Band 4: Donnerndes Kobold-Gelächter;Regal 5;Ebene 7;Paul Jenkins;Peter Parker: Spider-Man;188;2002-2003
Wolverine: Xisle;Regal 5;Ebene 7;Bruce Jones;100% Marvel;120;2003
;;;;;;
;;;;;;
;;;;;;
;;;;;;
;;;;;;
Sagen des klassischen Altertums;Regal 5;Ebene 7;Gustav Schwab;Franks Sagen und Legenden;672;1970
Nordische Mythen und Sagen;Regal 5;Ebene 7;Neil Gaiman;Franks Sagen und Legenden;256;2016/2019
Nordische Götter- und Heldensagen;Regal 5;Ebene 7;Edmund Mudrak;Franks Sagen und Legenden;328;1954/2019
Wunder und Rätsel der Heiligen Schrift;Regal 5;Ebene 7;Ingrid Zeltwanger im Auftrag von Reader's Digest;Franks Sagen und Legenden;384;1990
Das Grosse Hausbuch der Sagen;Regal 5;Ebene 7;Sabine Kieslich;Franks Sagen und Legenden;288;1996
Mythologie - Götter, Helden und Mythen;Regal 5;Ebene 7;Verschiedene;Franks Sagen und Legenden;320;2004
Mystica - Die großen Rätsel der Menschheit;Regal 5;Ebene 7;Peter Fiebag, Elmar Gruber & Rainer Holbe;Mysterien der Welt;1082;2004
;;;;;;
;;;;;;
;;;;;;
;;;;;;
;;;;;;
;;;;;;
;;;;;;
;;;;;;
;;;;;;
;;;;;;
;;;;;;
;;;;;;
;;;;;;
;;;;;;
;;;;;;
;;;;;;
;;;;;;
;;;;;;
;;;;;;
;;;;;;
;;;;;;
;;;;;;
;;;;;;
;;;;;;
;;;;;;
;;;;;;
Spass Wars;Regal 6;Ebene 7;Matthias Kringe;Star Wars;66;2012/2013
Star Wars: Das Buch der Jedi;Regal 6;Ebene 7;Danielle Wallace;Star Wars;160;2011/2012
Star Wars: Das Buch der Sith;Regal 6;Ebene 7;Danielle Wallace;Star Wars;160;2012
Star Wars: Das Buch der Kopfgeldjäger;Regal 6;Ebene 7;Danielle Wallace, Ryder Windham und Jason Fry;Star Wars;160;2013
Star Wars: Geschichten der Sith;Regal 6;Ebene 7;Simon Beecroft;Star Wars;192;2007/2011
Star Wars The Clone Wars - Abenteuer der Jedi;Regal 6;Ebene 7;Simon Beecroft;Star Wars;192;2013
Star Wars: Spüre die Macht und andere spannende Geschichten;Regal 6;Ebene 7;Lisa Stock;Star Wars;176;2013
Star Wars The Clone Wars - Helden der Galaxis;Regal 6;Ebene 7;Clare Hibbert;Star Wars;192;2014
Star Wars: Lexikon der Helden, Schurken und Droiden;Regal 6;Ebene 7;Simon Beecroft;Star Wars;208;2011/2012
Star Wars: Kampf um die Galaxies;Regal 6;Ebene 7;Daniel Wallace;Star Wars;96;2011
Star Wars: Das geheime Wissen der Jedi;Regal 6;Ebene 7;Elisabeth Dowsett und Shari Last;Star Wars;96;2011
Star Wars: Die geheime Welt der Droiden;Regal 6;Ebene 7;Jason Fry;Star Wars;96;2012
Star Wars: Hüte dich vor den Sith;Regal 6;Ebene 7;Shari Last;Star Wars;96;2012
Star Wars - Cosmic Shells;Regal 6;Ebene 7;Rewe Markengroup;Star Wars;5;2015
Star Wars: The Essential Atlas;Regal 6;Ebene 7;Daniel Wallace & Jason Fry;Star Wars;244;2009
Star Wars - Schauplätze und Planeten;Regal 6;Ebene 7;Kristin Lund, Simon Beecroft, Kerrie Dougherty, James Luceno und Jason Fry;Star Wars;188;2016
Star Wars The Clone Wars - Raumschiffe und Fahrzeuge;Regal 6;Ebene 7;Jason Fry;Star Wars;128;2012
LEGO Star Wars - Lexikon der Figuren, Raumschiffe und Droiden;Regal 6;Ebene 7;Simon Beecroft;Star Wars;96;2009
Star Wars - Die illustrierte Chronik der kompletten Saga (Episode I bis VI);Regal 6;Ebene 7;Ryder Windham;Star Wars;160;2005/2011
Nationale Arbeit - Das Zentrum und sein Wirken ider deutschen Republik;Regal 1;Ebene 8;Karl Anton Schulte;Sachbuch zu Poltik der Weimarer Republik;494;1929
Das Ehrenbuch des deutschen Volkes;Regal 1;Ebene 8;Hans F. Helmolt ;Sachbuch zu Geschichte der Deutsche;317;1924
Ratgeber Recht;Regal 1;Ebene 8;Verschiedene Anwälte;Sachbuch zu Recht und Gesetz in Deutschland;706;1992
Lebenslauf Lehmann: Schulausbildung, Elektroinstallateur, Bundeswehr Deutschland, Landesregierung NRW;Regal 1;Ebene 8;Deutschland;9. Elemente des Lebens;6 Akten;1966-2016
Lebenslauf Lehmann: Landesregierung NRW;Regal 1;Ebene 8;Deutschland;9. Elemente des Lebens;;2016-
Leerer Ordner;Regal 1;Ebene 8;;;;
Leerer Ordner;Regal 1;Ebene 8;;;;
Lebenslauf Scheuer: Studium Allgemeine Informatik, Vorbereitung, Umschulung Anwendungsentwickler, ;Regal 1;Ebene 8;Deutschland;9. Elemente des Lebens;4 Akten;2016-
Strom, Miereverein, Unitymedia/Vodafone;Regal 1;Ebene 8;Deutschland;4. Elemente der Wohnung;3 Akten;2016-
Reisen: Masterplan 1;Regal 1;Ebene 8;Ziele Masterplan 1;3. Elemente der Welt;8 Akten;2018-
Leerer Ordner;Regal 1;Ebene 8;;;;
Eigentumswohnung in Herzogenrath und seine Schulden;Regal 1;Ebene 8;Bad Homburger Inkasso;4. Elemente der Wohnung;4 Akten;2000-
Untersuchung der Menschen;Regal 1;Ebene 8;Frank-Peter Scheuer;9. Elemente des Lebens;3 Akten;2010-
Star Wars The Clone Wars Band 1: Dem Untergang geweiht;Regal 2;Ebene 8;Henry Gilroy;The Clone Wars-Comicreihe;100;2010
Star Wars The Clone Wars Band 2: Crashkurs;Regal 2;Ebene 8;Henry Gilroy & Gary Scheppke;The Clone Wars-Comicreihe;100;2011
Star Wars The Clone Wars Band 3: Sklaven der Republik;Regal 2;Ebene 8;Henry Gilroy;The Clone Wars-Comicreihe;144;2011
Star Wars The Clone Wars Band 4: Taloraans Windräuber;Regal 2;Ebene 8;John Ostrander;The Clone Wars-Comicreihe;100;2011
Star Wars The Clone Wars Band 5: Der Koloss des Schicksals;Regal 2;Ebene 8;Jeremy Barlow;The Clone Wars-Comicreihe;100;2012
Star Wars The Clone Wars Band 6: Schlacht um Khorm;Regal 2;Ebene 8;Steven Melching & Henry Gilroy;The Clone Wars-Comicreihe;100;2012
Star Wars The Clone Wars Band 7: Die tödlichen Hände von Shon-Ju;Regal 2;Ebene 8;Jeremy Barlow;The Clone Wars-Comicreihe;100;2012
Star Wars The Clone Wars Band 8: Die Kanonen von Nar Hekka ;Regal 2;Ebene 8;Rik Hoskin, Tom de Falco & Robin Etherington;The Clone Wars-Comicreihe;100;2013
Star Wars The Clone Wars Band 9: Immer Ärger mit den Dugs;Regal 2;Ebene 8;Rik Hoskin, Tom de Falco & Robin Etherington;The Clone Wars-Comicreihe;100;2013
Star Wars The Clone Wars Band 10: Die Sternbrecher-Falle;Regal 2;Ebene 8;Mike W. Barr;The Clone Wars-Comicreihe;100;2013
Star Wars The Clone Wars Band 11: Seltsame Verbündete;Regal 2;Ebene 8;Ben Dewey;The Clone Wars-Comicreihe;100;2013
Star Wars The Clone Wars Band 12: Der Feind in den eigenen Reihen;Regal 2;Ebene 8;Jeremy Barlow;The Clone Wars-Comicreihe;80;2013
Star Wars The Clone Wars Band 13: Die Sith-Jäger;Regal 2;Ebene 8;Henry Gilroy & Steven Melching;The Clone Wars-Comicreihe;100;2014
Star Wars The Clone Wars Band 14: Tödlicher Droide;Regal 2;Ebene 8;Robin Etherington, Rik Hoskin & Tom DeFalco;The Clone Wars-Comicreihe;100;2014
Star Wars The Clone Wars Band 15: Verteidiger des verlorenen Tempels;Regal 2;Ebene 8;Justin Aclin;The Clone Wars-Comicreihe;100;2014
Star Wars The Clone Wars Band 16: Der Schmugglerkodex;Regal 2;Ebene 8;Justin Aclin;The Clone Wars-Comicreihe;100;2014
Star Wars The Clone Wars Band 17: Bane gegen Bane;Regal 2;Ebene 8;Tanya Roberts, Bob Molesworth, Luca Bertelè, Robin Etherington & Rik Hoskin;The Clone Wars-Comicreihe;100;2015
Star Wars Classics Band 1: Doomsworld;Regal 2;Ebene 8;Roy Thomas & Donald F. Glut;Star Wars Classics (1977);192;2008
Star Wars Classics Band 2: Das Imperium schlägt zu;Regal 2;Ebene 8;Archie Goodwin & Chris Claremont;Star Wars Classics (1978);185;2009
Star Wars Classics Band 3: Der Schatten des dunklen Lords;Regal 2;Ebene 8;Archie Goodwin;Star Wars Classics (1978);192;2009
Star Wars Classics Band 4: Das Bauernopfer des dunklen Lords;Regal 2;Ebene 8;Archie Goodwin, Chris Claremont & Michael Golden;Star Wars Classics (1979);192;2010
Star Wars Classics Band 5: Die Wiedergeburt des Bösen;Regal 2;Ebene 8;Archie Goodwin & Wally Lombego;Star Wars Classics (1979);184;2010
Star Wars Classics Band 6: Die Wiedergeburt des Bösen II;Regal 2;Ebene 8;Archie Goodwin, Mike W. Barr, Larry Hama, David Michelinie &  Chris Claremont;Star Wars Classics (1980);160;2011
Star Wars Classics Band 7: Schreie im Nichts, Teil 1;Regal 2;Ebene 8;Chris Claremont, David Micheline, Louise Jones & Tom Palmer;Star Wars Classics (1980);184;2011
Star Wars Classics Band 8: Schreie im Nichts, Teil 2;Regal 2;Ebene 8;David Micheline, Walter Simonson & Michael Fleisher;Star Wars Classics (1981);176;2012
Star Wars Classics Band 9: Kopfgeld, Teil 1;Regal 2;Ebene 8;David Micheline & Mary Jo Duffy;Star Wars Classics (1981);176;2012
Star Wars Classics Band 10: Kopfgeld, Teil 2;Regal 2;Ebene 8;David Micheline & Mary Jo Duffy;Star Wars Classics (1982);176;2013
Star Wars Classics Band 11: Die Rückkehr;Regal 2;Ebene 8;Archie Goodwin, Mary Jo Duffy & Linda Grant;Star Wars Classics (1982);176;2013
Star Wars Classics Band 12: Eine neue Ordnung: Planet der Jäger;Regal 2;Ebene 8;Roy Richardson, Mary Jo Duffy, Randy Stradley & Ann Nocenti;Star Wars Classics (1983);176;2014
Star Wars Ewoks: Die Schatten von Endor;Regal 2;Ebene 8;Zack Giallongo;Star Wars Sonderbände (Legends);84;2015
Star Wars Rebels Band 1: Widerstand;Regal 2;Ebene 8;Jeremy Barlow & Martin Fisher;Star Wars Rebels (Comics);108;2016
Star Wars Rebels Band 2: Veränderungen;Regal 2;Ebene 8;Martin Fisher;Star Wars Rebels (Comics);108;2016
Star Wars Rebels Band 3: Rebellion am Rand der Galaxis;Regal 2;Ebene 8;Martin Fisher & Jeremy Barlow;Star Wars Rebels (Comics);108;2017
 Star Wars Sonderband 72: Dawn of the Jedi I: Machtsturm ;Regal 2;Ebene 8;John Ostrander & Jan Duursema;Star Wars Sonderbände (Legends);144;2013
 Star Wars Sonderband 76: Dawn of the Jedi II: Der Gefangene von Bogan ;Regal 2;Ebene 8;John Ostrander & Jan Duursema;Star Wars Sonderbände (Legends);128;2013
 Star Wars Sonderband 82: Dawn of the Jedi III: Machtkrieg ;Regal 2;Ebene 8;John Ostrander & Jan Duursema;Star Wars Sonderbände (Legends);124;2014
 Star Wars Sonderband 63: Knight Errant I: In Flammen ;Regal 2;Ebene 8;John Jackson Miller;Star Wars Sonderbände (Legends);128;2011
 Star Wars Sonderband 69: Knight Errant II: Sintflut ;Regal 2;Ebene 8;John Jackson Miller;Star Wars Sonderbände (Legends);128;2012
 Star Wars Sonderband 73: Knight Errant III: Flucht ;Regal 2;Ebene 8;John Jackson Miller;Star Wars Sonderbände (Legends);128;2013
 Star Wars Sonderband 59: The Old Republic I: Bedrohung des Friedens ;Regal 2;Ebene 8;Rob Chestney;Star Wars Sonderbände (Legends);100;2010
 Star Wars Sonderband 61: The Old Republic II: Blut des Imperiums ;Regal 2;Ebene 8;Alexander Freed;Star Wars Sonderbände (Legends);100;2011
 Star Wars Sonderband 67: The Old Republic III: Verlorene Sonnen ;Regal 2;Ebene 8;Alexander Freed;Star Wars Sonderbände (Legends);128;2012
Nr.20/04 12. Jahrgang 138 Gesichter des Orients: 10.000 Kunst und Kultur aus Jordanien;Regal 3;Ebene 8;Verschiedene Autoren;Vernissage Die Zeitschrift zur Austellung (2005);68;2004
Nr.25/04 12. Jahrgang 140 Tutanchamun - Das Goldene Jenseits: Grabschätze aus dem Tal der Könige;Regal 3;Ebene 8;Verschiedene Autoren;Vernissage Die Zeitschrift zur Austellung (2004);68;2004
Nr.10/05 13. Jahrgang 145 Dschingis Khan und seine Erben: Das Weltreich der Mongolen;Regal 3;Ebene 8;Verschiedene Autoren;Vernissage Die Zeitschrift zur Austellung (2006);68;2005
Nr.15/06 14. Jahrgang 156 Angkor - Göttliches Erbe Kambodschas;Regal 3;Ebene 8;Verschiedene Autoren;Vernissage Die Zeitschrift zur Austellung (2007);68;2006
Das Rom der Cäsaren;Regal 3;Ebene 8;Leonardo B. Dal Maso;Italia Artistica;128;1984
Das Goldene Buch von Rom;Regal 3;Ebene 8;Fabio Boldrini, Leonardo Castellucci, Stefano Giuntoli & Redaktion;Stadtführer von Rom;128;1988
Alltäglich und doch Rätselhaft;Regal 3;Ebene 8;Dennis Wallis, Dr. Anton Notz, Dr. Jutta Schneider & Peter Slyer;Wissensführer durchs Merkwürdige;354;1994
Nr.54/ Jan./Feb. 2000 China - Neugierig auf China;Regal 3;Ebene 8;Verschiedene;ADAC Reisemagazin;198;2000
Nr.55/ März/April 2000 Kärntens schönste Seiten;Regal 3;Ebene 8;Verschiedene;ADAC Reisemagazin;198;2000
Nr.56/ Mai/Juni 2000 Hawaii - Volle Welle ins Paradies;Regal 3;Ebene 8;Verschiedene;ADAC Reisemagazin;198;2000
Nr.57/ Juli/August 2000 Costa Brava - Küste unter dem Licht;Regal 3;Ebene 8;Verschiedene;ADAC Reisemagazin;198;2000
Nr.58/ Sept./Okt. 2000 Elsass - Ein Land voll Wein und Leben;Regal 3;Ebene 8;Verschiedene;ADAC Reisemagazin;198;2000
Nr.59/ Nov./Dez. 2000 Brasilien - Mit Herz und Seele;Regal 3;Ebene 8;Verschiedene;ADAC Reisemagazin;198;2000
Nr.60/ Jan./Feb. 2001 Marokko - Einblicke in eine andere Welt;Regal 3;Ebene 8;Verschiedene;ADAC Reisemagazin;196;2001
Nr.63/ Juli/August 2001 Schweiz - Gipfel-Treffen für Genießer;Regal 3;Ebene 8;Verschiedene;ADAC Reisemagazin;196;2001
Nr.64/ Sept./Okt. 2001 Japan - Land zwischen Hightech und Harmonie;Regal 3;Ebene 8;Verschiedene;ADAC Reisemagazin;196;2001
Nr.65/ Nov./Dez. 2001 Ägypten - Neue und alte Geheimnisse am Nil;Regal 3;Ebene 8;Verschiedene;ADAC Reisemagazin;196;2001
Nr.67/ März/April 2002 Südtirol - Das hohe Lied der Berge;Regal 3;Ebene 8;Verschiedene;ADAC Reisemagazin;214;2002
Nr.69/ Juli/August 2002 Berlin - Willkommen in Deutschlands spannendster Metropole;Regal 3;Ebene 8;Verschiedene;ADAC Reisemagazin;230;2002
Nr.70/ Sept./Okt. 2002 Kuba - Im Rhythmus der Karibik;Regal 3;Ebene 8;Verschiedene;ADAC Reisemagazin;198;2002
Nr.72/ Januar/Februar 2003 Korsika - Die schönsten Seiten der Insel;Regal 3;Ebene 8;Verschiedene;ADAC Reisemagazin;198;2003
Nr.73/ März/April 2003 Deutschland entdecken - Neue Wege durch ein vertrautes Land;Regal 3;Ebene 8;Verschiedene;ADAC Reisemagazin;244;2003
Nr.74/ Mai/Juni 2003 Venetien & Friaul - Zeit zum Träumen;Regal 3;Ebene 8;Verschiedene;ADAC Reisemagazin;198;2003
Nr.75/ Juli/August 2003 Niederlande - Kleines Land mit großer Seele;Regal 3;Ebene 8;Verschiedene;ADAC Reisemagazin;198;2003
Nr.76/ September/Oktober 2003 Südengland & London - Wo England am schönsten ist;Regal 3;Ebene 8;Verschiedene;ADAC Reisemagazin;196;2003
Nr.77/ November/Dezember 2003 Madeira & Azoren - Inseln mit Raum und Zeit;Regal 3;Ebene 8;Verschiedene;ADAC Reisemagazin;198;2003
Nr.78/ Januar/Februar 2004 Südsee - Trauminseln am anderen Ende der Welt;Regal 3;Ebene 8;Verschiedene;ADAC Reisemagazin;198;2004
Nr.80/ Mai/Juni 2004 Spaniens Süden & Madrid - Flamenco und die Seele des Südens;Regal 3;Ebene 8;Verschiedene;ADAC Reisemagazin;198;2004
Nr.82/ September/Oktober 2004 Ungarn - Europas neuer Stern;Regal 3;Ebene 8;Verschiedene;ADAC Reisemagazin;198;2004
Meilensteine des 20. Jahrhunderts;Regal 3;Ebene 8;Verschiedene;Geschichtsbuch zum 20. Jahrhundert;418;1988
Reise zum Dach der Welt;Regal 3;Ebene 8;Peter Somerville-Large;Faszination der Weiten Welt;194;1987/1997
Expedition Amazonas;Regal 3;Ebene 8;Benedict Allen;Faszination der Weiten Welt;194;1987/1997
Traumkontinent Australien;Regal 3;Ebene 8;Australian Broadcasting Commision;Faszination der Weiten Welt;194;1981/1997
Abenteuer Afrika;Regal 3;Ebene 8;Michael Nicholson;Faszination der Weiten Welt;194;1985/1998
Geheimnisvolles China;Regal 3;Ebene 8;Robin Hanbury-Tenison;Faszination der Weiten Welt;194;1987/1998
Magisches Indien;Regal 3;Ebene 8;Mark Shand;Faszination der Weiten Welt;194;1991/1998
Mächtiges Rom;Regal 3;Ebene 8;Emmanuelle Cagnac-Valette & Albert Malain;Grosse Kulturen, Glanzvolle Epochen;194;1978/2001
Rom - Die Ewige Stadt im Bild der Geschichte;Regal 3;Ebene 8;Bernhard Bauer, Jacques Boudet, Claude Manceron, Paul Moschberger & Wolfdietrich Wolff;Geschichtsbuch zur der Römischen Geschichte;288;1962
Die Glanzpunkte von Verona;Regal 3;Ebene 8;Verschiedene;Faszination der Weiten Welt;64;1972
Pompeii - Kultur und Kunst: Oplontis, Herkulaneum & Stabiae;Regal 3;Ebene 8;Prof. Alfonso de Franciscis;Ruinenführer zur Umgebung des Vesuv;128;1985
Ganz Rom - Der Vatikan und die Sixtinische Kapelle;Regal 3;Ebene 8;Eugeno Pucci;Stadtführer von Rom;146;1967/1984
Rom, Florenz, Venedig und Neapel;Regal 3;Ebene 8;Verschiedene;Bücher für das Jahr 2000;194;2000
Venedig - Im Mittelpunkt der Welt;Regal 3;Ebene 8;Vittorio Cuminetti;Stadtführer von Venedig;166;1975
Junior Weltatlas;Regal 3;Ebene 8;Barbara Feulner;Wissensführer zur Weltendeckung;92;1994
Kanadas Osten: Quebec & Ontario;Regal 3;Ebene 8;Siebo Henken;Bildatlas Special;116;1995
Sardinien - Die Insel und ihre Seele;Regal 3;Ebene 8;Verschiedene;Inselführer;98;2007
Kanadas Osten;Regal 3;Ebene 8;Verschiedene;Merian Reiseführer;138;1999
Alle Wunder unserer Welt;Regal 3;Ebene 8;Roland Gööck;Die großen Sehenswürdigkeiten bis zur Gegenwart;256;1968
Das Vorgebirge;Regal 4;Ebene 8;Horst Bursch;Die Reihe Archivbilder;140;2016
Mitten im Herzen von Trier - Augenzeugen erzählen aus den Jahren 1900-1950;Regal 4;Ebene 8;Walter Queck;Unbekannt;202;1984
Wie geschah es Wirklich? - Geheimnisse, Fakten & Enthüllungen;Regal 4;Ebene 8;Ingrid Friedling & Wolfdietrich Müller aus dem Englischen;Unbekannt;352;2000/2002
Bionik: Natur als Vorbild;Regal 4;Ebene 8;Dr. Reinhard Witt & Claus-Peter Lieckfeld;Sachbuch zum Thema Bionik;224;1993
Die Geheime Sprache der Träume;Regal 4;Ebene 8;David Fontana;Sachbuch zum Thema Träume;176;2009
Das Mikroskop - Ein Schlüssel zu den Geheimnissen des Lebens;Regal 4;Ebene 8;M.G. Aliverti, M. Ciccioli & G. Laudi;Sachbuch zum Thema Mikroskop;144;1966/1971
Wie - Was - Warum: Der Mensch;Regal 4;Ebene 8;Susanne Ahrndt;Kaum zu glauben;44;1990/1992
Gehirn und Nerven;Regal 4;Ebene 8;Claudia Franke & Wolfdietrich Müller aus dem Englischen;Unser Körper, Unsere Gesundheit;160;2000/2001
Herz und Kreislauf;Regal 4;Ebene 8;Dr. Claudia Hecker & Ulrike Ziegra;Unser Körper, Unsere Gesundheit;160;2000/2001
Das grosse Buch der Erde;Regal 4;Ebene 8;Edith Bora-Haber aus dem Englischen;Unbekannt;80;1991/1992
Zauber vergangener Reiche;Regal 4;Ebene 8;Deutscher Bücherbund Stuttgart;Sachbuch zum Thema Weltgeschichte;242;1975
Versunkene Städte;Regal 4;Ebene 8;Paul G. Bahn;Sachbuch zum Thema Weltgeschichte;214;2000
;;Ebene 8;;;;
;;Ebene 8;;;;
;;Ebene 8;;;;
;;Ebene 8;;;;
;;Ebene 8;;;;
;;Ebene 8;;;;
;;Ebene 8;;;;
;;Ebene 8;;;;
;;Ebene 8;;;;
;;Ebene 8;;;;
;;Ebene 8;;;;
;;Ebene 8;;;;
;;Ebene 8;;;;
;;Ebene 8;;;;
;;Ebene 8;;;;
;;Ebene 8;;;;
;;Ebene 8;;;;
;;Ebene 8;;;;
Band 13: Wilde Tiere;Regal 4;Ebene 8;Martin L. Keen;Was ist was;48;1983
Die Welt in der wir Leben;Regal 4;Ebene 8;Fritz Bolle;Unbekannt;304;1955
Reader's Digest Weltatlas;Regal 4;Ebene 8;Stefan Kuballa;Weltatlanten;320;2008
Yu-Gi-Oh!: Starterdecks, Evolution Decks, LOB, MRD, MRL/SRL, PSV, LON, LOD, PGD, MFC, DCR, IOC, AST, SOD, RDS, FET, TLM, CRV, EEN & SOI;Regal 5;Ebene 8;Konami: Verleger von Sammelkartenspielen;Ultra Pro Collectors Album - Yugioh;100;2002-2006
Europa: Illustrierte Geschichte unseres Kontinents;Regal 5;Ebene 8;Gerhard Schildt;Geschichte des Kontinents Europa;270;1975
Seit 1852: Hotel Vier Jahreszeiten München;Regal 5;Ebene 8;Kempinski Hotel Vier Jahreszeiten München;Geschichte des Hotels;280;2002
Bezauberndes Südtirol;Regal 5;Ebene 8;Robert Asam;Reiseführer durch Südtirol;224;2003
Brasilien;Regal 5;Ebene 8;Robert Schnieper aus dem Englischen;Terra Magica: Länder der Welt;196;1977/1983
Australien;Regal 5;Ebene 8;Hans Brunner;Terra Magica: Länder der Welt;200;1981
Diercke Weltatlas;Regal 5;Ebene 8;Georg Westermann Verlag;Weltatlanten;56;1957/1972
Universal Weltatlas;Regal 5;Ebene 8;Bertlesmann Verlag;Weltatlanten;480;1998
Europa: Zauber und Schönheit eines alten Kontinents;Regal 5;Ebene 8;Verlag Das Beste Autoren;Natur des Kontinents Europa;312;1975
Amerika;Regal 5;Ebene 8;Hugh Sidey;Terra Magica: Länder der Welt;252;1975
Kanada;Regal 5;Ebene 8;Robert Fulford;Terra Magica: Länder der Welt;240;1983
Südtirol;Regal 5;Ebene 8;Sepp Schnürer;Reiseführer durch Südtirol;240;1995
Wunderwelt der Alpen;Regal 5;Ebene 8;Luis Trenker und andere;Reiseführer durch die Alpen;246;1950
Nordeuropa: Großbritannien, Irland, Norwegen, Schweden, Dänemark, Finnland, Island & Grönland;Regal 5;Ebene 8;Leitung: Ludwig R. Harms;Länder und Völker;170;1987/1991
Südwesteuropa: Frankreich, Portugal & Spanien;Regal 5;Ebene 8;Leitung: Ludwig R. Harms;Länder und Völker;170;1987/1992
Mitteleuropa: Niederlande, Belgien, Luxemburg, Schweiz, Bundesrepublik Deutschland, Österreich & Liechtenstein;Regal 5;Ebene 8;Leitung: Ludwig R. Harms;Länder und Völker;154;1987/1992
UdSSR/Osteuropa: UdSSR, Polen, Tschechoslowakei, Ungarn, Rumänien & Bulgarien;Regal 5;Ebene 8;Leitung: Ludwig R. Harms;Länder und Völker;170;1988/1991
Südasien: Indien, Bangladesch, Nepal, Bhutan, Pakistan, Afghanistan, Birma & Sri Lanka;Regal 5;Ebene 8;Leitung: Ludwig R. Harms;Länder und Völker;154;1989/1992
Ostasien: China, Mongolei, Hongkong, Macau, Taiwan, Korea & Japan;Regal 5;Ebene 8;Leitung: Ludwig R. Harms;Länder und Völker;170;1989/1991
Südostasien: Indonesien, Papua-Neuguinea, Malaysia, Singapur, Thailand, Laos, Kambodscha, Vietnam & Philippinen;Regal 5;Ebene 8;Leitung: Ludwig R. Harms;Länder und Völker;154;1987/1991
Nordafrika: Ägypten, Tunesien, Libyen, Algerien, Marokko, Mauretanien, Mali, Senegal & Gambia;Regal 5;Ebene 8;Leitung: Ludwig R. Harms;Länder und Völker;170;1987/1991
Nordamerika: Vereinigte Staaten von Amerika & Kanada;Regal 5;Ebene 8;Leitung: Ludwig R. Harms;Länder und Völker;154;1978/1990
Südamerika: Brasilien, Kolumbien, Peru, Ecuador, Bolivien, Paraguay, Chile, Argentinien & Uruguay;Regal 5;Ebene 8;Leitung: Ludwig R. Harms;Länder und Völker;154;1978/1990
Australien/Ozeanien: Australien, Neuseeland, Neukaledonien, Vanuatu, Mikronesien, Französisch-Polynesien, Hawaii, Galápagosinseln, Osterinsel & Antarktika;Regal 5;Ebene 8;Leitung: Ludwig R. Harms;Länder und Völker;154;1978/1990
Dinosaurier: Tierwelt der Urzeit;Regal 6;Ebene 8;Traudl Lessing;Wissen entdecken;80;1985/1987
Alles über die Dinosaurier;Regal 6;Ebene 8;David Lambert;Bildatlas zum Thema Dinosaurier;256;1983/1988
Das große Buch der Saurier;Regal 6;Ebene 8;Peter Klepsch & Thomas Thiemeyer;Sachbuch zum Thema Dinosaurier;64;1989
Dinosaurier;Regal 6;Ebene 8;Kathryn Jackson;Bildatlas zum Thema Dinosaurier;30;1990
Dinosaurier von A-Z;Regal 6;Ebene 8;Michael Benton;Bildatlas zum Thema Dinosaurier;176;1988/1990
Bildatlas der Dinosaurier;Regal 6;Ebene 8;William Lindsay;Bildatlas zum Thema Dinosaurier;64;1991/1992
Urzeit;Regal 6;Ebene 8;Dieter Rex;JuniorWissen;128;1991
Band 1: Tiere der Urzeit;Regal 6;Ebene 8;Margot Helmiß;Frag mich was;96;1992
Dinosaurier und ihre Jungen;Regal 6;Ebene 8;Ely Kish & Jennifer A. Kirkpatrick;Kinderbildatlas zum Thema Dinosaurier;14;1992
Dinosaurier regierten die Welt;Regal 6;Ebene 8;David Norman und John Sibbick;Bildatlas zum Thema Dinosaurier;80;1985/1992
Band 6: Dinosaurier;Regal 6;Ebene 8;Margot Helmiß;Frag mich was;96;1993
Band 11: Urmenschen;Regal 6;Ebene 8;Margot Helmiß;Frag mich was;96;1993
Ein Saurier kommt selten allein;Regal 6;Ebene 8;Carola Henke;RTB Lesespaß;128;1993
Saurier gesucht;Regal 6;Ebene 8;David Bischoff;RTB Abenteuer;142;1993
Dinosaurier;Regal 6;Ebene 8;David Lambert;Bildatlas zum Thema Dinosaurier;192;1993
Rätselhafte Dinosaurier;Regal 6;Ebene 8;Roberto Zorzin, Giorgio P. & Guido Ruggeri;Bildatlas zum Thema Dinosaurier;168;1993
Dinosaurier: Auf den Spuren einer geheimnisvollen Welt;Regal 6;Ebene 8;Edito-Service;Sammelordner zum Thema Dinosaurier;650;1993
Band 15: Dinosaurier;Regal 6;Ebene 8;Joachim Oppermann;Was ist was;50;1993
Band 1;Regal 6;Ebene 8;DE Agostini;Dinosaurier: Entdeckungsreise zu den Giganten der Urzeit;26;1993
Band 2;Regal 6;Ebene 8;DE Agostini;Dinosaurier: Entdeckungsreise zu den Giganten der Urzeit;26;1993
Band 4;Regal 6;Ebene 8;DE Agostini;Dinosaurier: Entdeckungsreise zu den Giganten der Urzeit;26;1993
Band 5;Regal 6;Ebene 8;DE Agostini;Dinosaurier: Entdeckungsreise zu den Giganten der Urzeit;26;1993
Band 6;Regal 6;Ebene 8;DE Agostini;Dinosaurier: Entdeckungsreise zu den Giganten der Urzeit;26;1993
Band 7;Regal 6;Ebene 8;DE Agostini;Dinosaurier: Entdeckungsreise zu den Giganten der Urzeit;26;1993
Band 8;Regal 6;Ebene 8;DE Agostini;Dinosaurier: Entdeckungsreise zu den Giganten der Urzeit;26;1993
Band 9;Regal 6;Ebene 8;DE Agostini;Dinosaurier: Entdeckungsreise zu den Giganten der Urzeit;26;1993
Band 10;Regal 6;Ebene 8;DE Agostini;Dinosaurier: Entdeckungsreise zu den Giganten der Urzeit;26;1993
Band 11;Regal 6;Ebene 8;DE Agostini;Dinosaurier: Entdeckungsreise zu den Giganten der Urzeit;26;1993
Band 12;Regal 6;Ebene 8;DE Agostini;Dinosaurier: Entdeckungsreise zu den Giganten der Urzeit;26;1993
Band 13;Regal 6;Ebene 8;DE Agostini;Dinosaurier: Entdeckungsreise zu den Giganten der Urzeit;26;1993
Band 14;Regal 6;Ebene 8;DE Agostini;Dinosaurier: Entdeckungsreise zu den Giganten der Urzeit;26;1993
Band 15;Regal 6;Ebene 8;DE Agostini;Dinosaurier: Entdeckungsreise zu den Giganten der Urzeit;26;1993
Band 16;Regal 6;Ebene 8;DE Agostini;Dinosaurier: Entdeckungsreise zu den Giganten der Urzeit;26;1993
Band 17;Regal 6;Ebene 8;DE Agostini;Dinosaurier: Entdeckungsreise zu den Giganten der Urzeit;26;1993
Band 18;Regal 6;Ebene 8;DE Agostini;Dinosaurier: Entdeckungsreise zu den Giganten der Urzeit;26;1993
Band 24;Regal 6;Ebene 8;DE Agostini;Dinosaurier: Entdeckungsreise zu den Giganten der Urzeit;26;1993
Band 27;Regal 6;Ebene 8;DE Agostini;Dinosaurier: Entdeckungsreise zu den Giganten der Urzeit;26;1993
Band 28;Regal 6;Ebene 8;DE Agostini;Dinosaurier: Entdeckungsreise zu den Giganten der Urzeit;26;1993
Band 29;Regal 6;Ebene 8;DE Agostini;Dinosaurier: Entdeckungsreise zu den Giganten der Urzeit;26;1993
Band 30;Regal 6;Ebene 8;DE Agostini;Dinosaurier: Entdeckungsreise zu den Giganten der Urzeit;26;1993
Band 31;Regal 6;Ebene 8;DE Agostini;Dinosaurier: Entdeckungsreise zu den Giganten der Urzeit;26;1993
Band 32;Regal 6;Ebene 8;DE Agostini;Dinosaurier: Entdeckungsreise zu den Giganten der Urzeit;26;1993
Band 33;Regal 6;Ebene 8;DE Agostini;Dinosaurier: Entdeckungsreise zu den Giganten der Urzeit;26;1993
Band 34;Regal 6;Ebene 8;DE Agostini;Dinosaurier: Entdeckungsreise zu den Giganten der Urzeit;26;1993
Band 35;Regal 6;Ebene 8;DE Agostini;Dinosaurier: Entdeckungsreise zu den Giganten der Urzeit;26;1993
Band 36;Regal 6;Ebene 8;DE Agostini;Dinosaurier: Entdeckungsreise zu den Giganten der Urzeit;26;1993
Band 37;Regal 6;Ebene 8;DE Agostini;Dinosaurier: Entdeckungsreise zu den Giganten der Urzeit;26;1993
Band 38;Regal 6;Ebene 8;DE Agostini;Dinosaurier: Entdeckungsreise zu den Giganten der Urzeit;26;1993
Band 39;Regal 6;Ebene 8;DE Agostini;Dinosaurier: Entdeckungsreise zu den Giganten der Urzeit;26;1993
Band 56;Regal 6;Ebene 8;DE Agostini;Dinosaurier: Entdeckungsreise zu den Giganten der Urzeit;26;1993
Band 3: Dickschädel und Entenschnäbel;Regal 6;Ebene 8;Dinosaurier, die Urzeitgiganten;Bastei Comic-Albume;48;1993
Dinosaurier: Tiere der Urzeit;Regal 6;Ebene 8;Dougal Dixon;Sachbuch zum Thema Urzeit;144;1988/1993
Die Urzeit;Regal 6;Ebene 8;Dieter Rex;JuniorWissen;128;1991/1994
Sammelalbum 3: Herrscher der Urzeit - Dinosaurier und Flugsaurier;Regal 6;Ebene 8;Schloss Verlag im Auftrag Quelle;Quelle Sammelabume;96;1994
Pokies kleiner Abenteuer;Regal 6;Ebene 8;Evelyn B. Hardey;Lesespaß;64;1994
Dinosaurier;Regal 6;Ebene 8;Hans Peter Thiel & Marcus Würmli;Sachbuch zum Thema Dinosaurier;64;1995
Band 19: Flugsaurier;Regal 6;Ebene 8;Norbert Landa;Frag mich was;80;1995
Dinosaurier: Tatsachen, wissenschaftliche Erkenntnisse und Neue ungelöste Rätsel;Regal 6;Ebene 8;Maria Luisa Bozzi, Silvio Bruno & Stefano Maugeri;Sachbuch zum Thema Dinosaurier;234;1992/1997
Dinosaurier und ausgestorbene Tiere;Regal 6;Ebene 8;Laure Cambournac;Magica, unsere wunderbare Welt;128;1997
Fossilien: Handbuch und Führer für den Sammler;Regal 6;Ebene 8;V. Turek, J. Marek & Josef Benes;Handbuch der Paläontologie;496;1998
Dinosaurier: Warum sie sterben mussten;Regal 6;Ebene 8;Shelley Tanaka;Bildatlas zum Thema Dinosaurier;50;1998
Dinosaurier;Regal 6;Ebene 8;David Norman und Angela Milner;Sehen, Staunen, Wissen;64;1990/1998
Dinosaurier und wie sie lebten;Regal 6;Ebene 8;Steve Parker;Kinder entdecken die Welt;64;1988/1998
Die Dinosaurier/Die Welt des Urmenschen;Regal 6;Ebene 8;John Heritage und John Waechter;Bildband zum Thema Tierwelt;200;1998
Dinosaurier: Im Reich der Giganten;Regal 6;Ebene 8;Tim Haines;Bildband zur BBC Serie;290;1999
Deutschland in der Urzeit: Von der Entstehung des Lebens bis zum Ende der Eiszeit;Regal 6;Ebene 8;Ernst Probst;Bildatlas der Paläontologie;480;1986/1999
Dinosaurier;Regal 6;Ebene 8;Michael Benton;Bildatlas zum Thema Dinosaurierpaläontologie;64;1998/2000
Eine illustrierte Enzyklopädie: Dinosaurier & Prähistorische Tiere;Regal 6;Ebene 8;Douglas Palmer;Sachbuch zum Thema Urzeit;312;2000
Dinosaurierjäger: Der Wettlauf um die Erforschung der prähistorischen Welt;Regal 6;Ebene 8;Deborah Cadbury;Roman zum Thema Dinosaurier;448;2001
Dinosaurier;Regal 6;Ebene 8;David Lambert;Bildatlas zum Thema Dinosaurier;192;2002
1000 Dinosaurier;Regal 6;Ebene 8;Helmut Werner;Bildatlas zum Thema Dinosaurier;336;2007/2008
Dinosaurieratlas;Regal 6;Ebene 8;Leitung: Martina Glöde;Bildatlas zum Thema Dinosaurier;162;2019
Dinosaurier;Regal 6;Ebene 8;John Woodward;DK Wissen;208;2014/2020
Dinosaurier;Regal 6;Ebene 8;John Woodward;Kinderbildatlas zum Thema Dinosaurier;29;2020
